<BackupInst xmlns="http://www.microsoft.com/GroupPolicy/GPOOperations/Manifest"><GPOGuid><![CDATA[{41B13402-E467-46BE-82C2-E22072BB6A3C}]]></GPOGuid><GPODomain><![CDATA[corp.acme.com]]></GPODomain><GPODomainGuid><![CDATA[{0d8970d1-427e-4bee-8253-07940c99e77f}]]></GPODomainGuid><GPODomainController><![CDATA[acme-dc01.corp.acme.com]]></GPODomainController><BackupTime><![CDATA[2017-02-03T08:35:53]]></BackupTime><ID><![CDATA[{82A67C96-97AE-47AA-9FE5-B06527C47C19}]]></ID><Comment><![CDATA[]]></Comment><GPODisplayName><![CDATA[DriveShare]]></GPODisplayName></BackupInst>
