Firstname,LastName
Aaron,Alfort
Abraham,Allendorf
Acea,Alsop
Adam,Amaker
Aidan,Angus
Ainslee,Annan
Alan,Annesley
Aleen,Appleby
Alexa,Arbuthnot
Alexander,Armitage
Alixandria,Artois
Aliyah,Arundel
Alka,Ashburton
Alp,Astor
Alyson,Athill
Alyssa,Athow
Amanda,Auchinleck
Amariah,Averill
Amarissa,Ayres
Anchor,Balcombe
Andrea,Balfour
Andrew,Ballantine
Angel,Ballantyne
Angela,Bancroft
Anissa,Bannatyne
Anna,Bar
Annaliese,Barnum
Antony,Barnwell
Ariana,Barringer
Arielle,Barrow
Ariene,Barry
Arminda,Barstow
Ashanti,Beakley
Ashley,Beal
Ashton,Beckett
Audrey,Beckwith
Audrina,Bedford
Aurora,Beers
Autumn,Bellamy
Bailey,Belvidere
Bailey,Bentley
Beatrice,Berwick
Becky,Bethune
Belle,Beveridge
Benjamin,Beverly
Beverley,Biggar
Bianca,Billings
Blake,Bingham
Braden,Binney
Bradley,Birch
Brady,Birney
Brendan,Blackwood
Brent,Blaisdale
Brian,Blaney
Briana,Bloss
Brietta,Bogue
Bronwen,Bolingbroke
Brooke,Bolton
Brown,Bonar
Cade,Boswell
Caitlin,Boughton
Cale,Bourne
Caleb,Boynton
Calum,Bradford
Cameron,Braine
Cameron,Brandon
Cara,Breck
Cari,Breckenridge
Carin,Brentwood
Carissa,Briare
Carolyn,Bridges
Carrie,Brienne
Carrigan,Brierly
Carrington,Brighton
Cary,Brocklesby
Casey,Brodt
Cassandra,Bromley
Cassie,Brooks
Catherine,Broomfield
Ceasar,Brougham
Chanda,Broughton
Chandni,Bryne
Chanelle,Buchan
Cheryl,Buchanan
Cheyenne,Buckbee
Cheyenne,Buckley
Chloe,Buddington
Chrislynn,Bunnell
Christian,Burbeck
Christopher,Burgos
Cierra,Burgoyne
Claudia,Burleigh
Cody,Burnham
Colin,Burns
Colleen,Burrard
Conner,Burton
Connor,Bushwell
Corine,Butman
Courtney,Buxton
Courtney,Cadwell
Daisy,Calder
Dakotah,Caldwell
Dakotah,Carden
Damian,Carmichael
Danica,Cary
Daniel,Caw
Danielle,Caxton
Dara,Cayly
Daria,Chadsey
David,Chadwick
Dawnell,Challoner
Desiree,Chatsworth
Destiny,Chatterton
Devin,Chedsey
Devin,Chesebrough
Domenic,Chester
Dreama,Chetham
Drew,Chichester
Drew,Chilton
Dulcie,Church
Dustin,Clauson
Dylan,Clavering
Eglantine,Clay
Elaine,Cleveland
Eliesha,Cliff
Elizabeth,Clifton
Elouise,Clum
Emeri,Cobb
Emeri,Cobern
Emily,Cochran
Emlyn,Cockburn
Emlyn,Coffin
Emma,Cogswell
Erick,Colby
Erik,Collamore
Erika,Colley
Estelle,Colquoit
Ethan,Colton
Evanle,Colvin
Fabien,Conry
Faith,Contin
Frazer,Conyers
Gabriel,Coote
Gabriella,Corbin
Garfield,Cornish
Gavin,Cornwallis
Gerard,Corrie
Gideon,Cotesworth
Gilbert,Courtenay
Giovianna,Coventry
Glen,Cranstoun
Grace,Crawford
Gracie,Crayford
Guy,Croft
Hannah,Cross
Hannelore,Crosswell
Harvey,Cullen
Hayes,Cummings
Hays,Cunningham
Heather,Cupar
Helena,Daggett
Hermanda,Dalrymple
Holden,Dalton
Hong,Danford
Hope,Darby
Ian,Davenport
Indiana,De Wilde De
Iris,Dearden
Isaac,Denio
Isaiah,Derby
Jackson,Devenish
Jacob,Devlin
Jade,Digby
Jaime,Dinsmor
James,D'Oily
Jamie,Dolbeer
Janel,Dole
Janessa,Dorset
Jared,Dudley
Jasmine,Dumfries
Jason,Dun
Jay,Dunbar
Jazmin,Dunham
Jennifer,Dunipace
Jeremy,Duppa
Jesse,Durban
Jesse,Durden
Jessica,Durham
Jessie,Dutton
Jody,Dyke
Jodi,Eastcote
John,Eberlee
Jonah,Edgecumbe
Jonah,Elphinstone
Jonathan,Ely
Joseph,Emmet
Joshua,Esham
JosKaitlyn,Eton
Jude,Eure
Julian,Evelyn
Justin,Ewell
Kade,Fairholm
Kaleb,Fales
Kara,Falun
Kassidy,Fanshaw
Katharyne,Farnham
Kathleen,Fay
Katiah,Felton
Katie,Ferrers
Kaylie,Fife
Keala,Fifield
Keala,Filley
Keegan,Flanders
Keira,Fleming
Keith,Flint
Kelly,Foote
Kelly,Forbes
Kelsey,Fordham
Kelsey,Fosdyke
Kendall,Fotherby
Kendall,Fothergill
Kendra,Fotheringham
Keoki,Fremont
Kerry,Frothingham
Kerry,Fulham
Khalid,Fulsom
Kiona,Gano
Kira,Garfield
Kirstie,Garnet
Kody,Garrison
Kyle,Gaston
Lacee,Gavet
Landon,Getty
Lane,Gihon
Laura,Gill
Lauren,Girdwood
Lavina,Girvan
Leif,Glanville
Leigh,Glentworth
Leigha,Gliston
Leslie,Gloucester
Leslie,Goadby
Levi,Goring
Liam,Goudy
Liam,Grasse
Lindell,Gray
Lindsay,Greely
Lynn,Grimsby
Mackenna,Hadley
Mackenzie,Haineau
Madison,Halden
Madison,Hales
Maersk,Halsey
Makaila,Halstead
Makenna,Ham
Makenzey,Hamlin
Malachi,Hampton
Maliq,Hanley
Malka,Hanna
Marina,Harcourt
Mary,Harding
Matthew,Hargill
Maureen,Harlow
Maya,Harrington
Megan,Hartwell
Melanie,Hasbrouck
Melissa,Hastings
Michael,Hatch
Michaela,Hatfield
Mikenna,Hathaway
Miranda,Hatton
Morgan,Haverill
Morgan,Haydyn
Nada,Hedges
Naomi,Hedon
Natalie,Helling
Nathalie,Henley
Nathan,Herndon
Nathaniel,Hernshaw
Neil,Heyden
Nicholas,Hinckley
Nicole,Hinton
Noah,Hippisley
Nuala,Hipwood
Oakley,Holbech
O'Bannon,Holland
Owen,Holmes
Paisley,Holsapple
Paris,Holt
Parker,Holywell
Patrick,Hope
Paul,Horton
Payton,Hosford
Persephone,Hough
Peyton,Houghton
Phillip,Houston
Quentin,Hubbell
Quinlan,Huddleston
Rachel,Hull
Raelyn,Hungerford
Rami,Huntley
Randall,Hutton
Rebecca,Hyde
Reece,Incledon
Reece,Ingham
Reilly,Ingoldsby
Renee,Ipres
Rhianna,Ireton
Riann,Irvine
Richard,Isabel
Robert,Isham
Robin,Islip
Robin,Ives
Ronald,Kay
Ruby,Keith
Rupali,Kelsey
Ryan,Kelso
Sabrina,Kendall
Samuel,Kent
Sapphyre,Kettle
Sarah,Kilburne
Sari,Kilham
Scarlet,Kinghorn
Scott,Kingston
Sean,Kinloch
Secret,Kirby
Shanequa,Kirkaldy
Shannon,Kirkham
Sharon,Kirkpatrick
Shenita,Knox
Shiquita,Kyle
Sierra,Lacy
Skylar,Lancaster
Skyler,Langton
Sloane,Laycock
Sloane,Lechmere
Solace,Legh
Sophie,Leland
Stephen,Leven
Sutton,Lewes
Talia,Lewknor
Tamara,Leycester
Tanaki,Lincoln
Tanika,Lindall
Tayleigh,Lindsey
Taylor,Linne
Taylor,Linton
Tess,Lippencot
Tessa,Lismore
Theresa,Livingstone
Thomas,Lonsdale
Timothie,Ludlow
Timothy,Mansfield
Todd,Mansle
Trent,Mar
Trevor,Massie
Trey,Mayne
Trinity,Mayo
Trinity,Mead
Tristin,Medcaf
Tyler,Merton
Vance,Meyeul
Vanea,Middleditch
Vanessa,Middleton
Vanya,Milbourne
Vedika,Mills
Veronica,Milthorpe
Vicki,Milton
Victor,Moffatt
Victoria,Monroe
Vincent,Monteith
Virgil,Moray
Wayne,Morley
Wesley,Moseley
Westley,Moxley
Whitley,Mundy
Whitley,Munsel
Whitney,Nairne
Wiatt,Nance
William,Needham
Wilson,Newton
Wyatt,Nisbett
Xavier,Nogent
Xenia,Norfolk
Xzyliah,Northcote
Zachariah,Northop
Zachary,Northumberland
Zagros,Norton
Zeo,Norwich
Zita,Nottingham
Zoe,Oakham
Johan,Ockham
Andreas,Ogilvie