<BackupInst xmlns="http://www.microsoft.com/GroupPolicy/GPOOperations/Manifest"><GPOGuid><![CDATA[{272B0705-6621-4034-B11E-21C84EA287B4}]]></GPOGuid><GPODomain><![CDATA[mini.local]]></GPODomain><GPODomainGuid><![CDATA[{d8642e45-3d1c-4bad-9dd3-38bc6dbbbd67}]]></GPODomainGuid><GPODomainController><![CDATA[dc2.mini.local]]></GPODomainController><BackupTime><![CDATA[2017-01-30T22:15:37]]></BackupTime><ID><![CDATA[{45F24E2C-5826-4C62-9AF2-55E462B0774A}]]></ID><Comment><![CDATA[]]></Comment><GPODisplayName><![CDATA[_JimmyTest]]></GPODisplayName></BackupInst>
